{
  "name": "requirejs",
  "version": "2.1.16",
  "homepage": "http://requirejs.org",
  "authors": [
    "jrburke.com"
  ],
  "description": "A file and module loader for JavaScript",
  "main": "require.js",
  "keywords": [
    "AMD"
  ],
  "license": "new BSD, and MIT",
  "_release": "2.1.16",
  "_resolution": {
    "type": "version",
    "tag": "2.1.16",
    "commit": "eceacaba419d3bc0cce05d114be25f0a57affac9"
  },
  "_source": "git://github.com/jrburke/requirejs-bower.git",
  "_target": "2.1.x",
  "_originalSource": "requirejs"
}